State,Number,Relative_Proportion,Total_Area_km,Area_Proportion_km,Dam_Proportion,No_Dam_Proportion
A,4,2.777777778,0.124052445,1.271461337,100,0
B,11,7.638888889,1.342229993,13.75703269,90.90909091,9.090909091
C,8,5.555555556,3.077899225,31.54657583,85.71428571,14.28571429
D,17,11.80555556,3.745339187,38.38742532,52.94117647,47.05882353
E,104,72.22222222,1.467161593,15.03750482,0,100