State,Number,Relative_Proportion,Total_Area_km,Area_Proportion_km,Dam_Proportion,No_Dam_Proportion
A,7,4.861111111,0.064183945,1.326966205,100,0
B,14,9.722222222,0.652502912,13.49012292,92.85714286,7.142857143
C,8,5.555555556,1.501355227,31.03965697,100,0
D,17,11.80555556,1.91666301,39.62590682,76.47058824,23.52941176
E,98,68.05555556,0.702188653,14.51734708,0,100